{"Vessel Accuracy":0.9763047099113464,"train_loss_step":0.6416406631469727,"AV Jaccard":0.5887060165405273,"epoch":390,"AV Accuracy":0.9799517393112183,"_wandb":{"runtime":17198},"val_loss_epoch":0.4510912299156189,"AV Dice":0.7426691651344299,"train_loss_epoch":0.5767134428024292,"_step":1138,"val_loss_step":0.5688704252243042,"trainer/global_step":22249,"_timestamp":1.752893146300044e+09,"_runtime":17176.433727359,"Vessel Dice":0.8444738984107971,"Vessel Jaccard":0.7308133840560913}