{"AV Accuracy":0.979608416557312,"Vessel Jaccard":0.7609264850616455,"train_loss_step":0.4716796576976776,"val_loss_step":0.4035143256187439,"AV Dice":0.7514042258262634,"trainer/global_step":29000,"epoch":1000,"AV Jaccard":0.5999568700790405,"_wandb":{"runtime":12566},"Vessel Dice":0.864234209060669,"val_loss_epoch":0.39416593313217163,"_step":2030,"Vessel Accuracy":0.9791597723960876,"_timestamp":1.7550252129406228e+09,"train_loss_epoch":0.4464918375015259,"_runtime":12564.238639043}