{"_wandb":{"runtime":11306},"Vessel Dice":0.878703773021698,"trainer/global_step":9279,"_step":648,"epoch":319,"val_loss_step":0.3601958751678467,"AV Accuracy":0.9813655614852905,"val_loss_epoch":0.2134094536304474,"Vessel Jaccard":0.7836512923240662,"AV Jaccard":0.6399667263031006,"AV Dice":0.7814204692840576,"_runtime":11305.209737748,"_timestamp":1.7552286137277782e+09,"train_loss_step":0.261312872171402,"Vessel Accuracy":0.9810209274291992,"train_loss_epoch":0.29037725925445557}