{"AV Accuracy":0.9751447439193726,"train_loss_epoch":0.42512911558151245,"_wandb":{"runtime":3390},"AV Jaccard":0.5099530220031738,"_runtime":3388.900343033,"val_loss_epoch":0.3599078953266144,"Vessel Dice":0.7908713817596436,"_timestamp":1.7552844556001163e+09,"val_loss_step":0.45548704266548157,"AV Dice":0.6770810484886169,"Vessel Jaccard":0.6540695428848267,"trainer/global_step":3479,"epoch":119,"train_loss_step":0.42689287662506104,"Vessel Accuracy":0.9705687761306763,"_step":242}