{"AV Accuracy":0.9790891408920288,"trainer/global_step":29299,"Vessel Dice":0.8832440376281738,"_wandb":{"runtime":22744},"train_loss_step":0.3587345778942108,"AV Jaccard":0.7669363617897034,"train_loss_epoch":0.32889023423194885,"Vessel Jaccard":0.7909016013145447,"_step":1499,"val_loss_step":0.42381855845451355,"_timestamp":1.7528738151878743e+09,"AV Dice":0.9686557650566101,"val_loss_epoch":0.37116408348083496,"epoch":514,"_runtime":22738.960282046,"Vessel Accuracy":0.9816963076591492}