{"trainer/global_step":29000,"_step":2030,"val_loss_step":0.37685781717300415,"epoch":1000,"train_loss_step":0.34180784225463867,"_timestamp":1.752772610140469e+09,"AV Accuracy":0.9680787920951843,"AV Jaccard":0.7672966122627258,"val_loss_epoch":0.3735891580581665,"Vessel Jaccard":0.7573347687721252,"Vessel Dice":0.871606707572937,"Vessel Accuracy":0.9772089719772339,"_wandb":{"runtime":12635},"_runtime":12633.330044516,"train_loss_epoch":0.3299306631088257,"AV Dice":0.9680787920951843}