{"Vessel Accuracy":0.9787546396255493,"_step":1704,"_runtime":25438.493659691,"trainer/global_step":33059,"val_loss_step":0.4851546883583069,"epoch":579,"train_loss_epoch":0.5304157137870789,"_timestamp":1.752918950240871e+09,"Vessel Jaccard":0.753246545791626,"Vessel Dice":0.8592591285705566,"val_loss_epoch":0.4348471462726593,"AV Dice":0.7586655616760254,"AV Jaccard":0.6094369292259216,"_wandb":{"runtime":25441},"train_loss_step":0.5645092725753784,"AV Accuracy":0.9806627631187439}