{"train_loss_step":0.3593873381614685,"Vessel Dice":0.8464198708534241,"AV Dice":0.9636728167533875,"_runtime":12899.982141633,"train_loss_epoch":0.3447633981704712,"_step":2030,"_timestamp":1.7527855221688251e+09,"epoch":1000,"_wandb":{"runtime":12902},"AV Jaccard":0.7432110905647278,"val_loss_step":0.49432894587516785,"Vessel Jaccard":0.7255703210830688,"Vessel Accuracy":0.9739150404930115,"val_loss_epoch":0.3958410620689392,"AV Accuracy":0.9636728167533875,"trainer/global_step":29000}