{"train_loss_step":0.7650483250617981,"val_loss_epoch":0.5187478065490723,"Vessel Jaccard":0.04848974570631981,"Vessel Dice":0.09249445050954819,"AV Dice":0.6293002367019653,"_runtime":2078.642716102,"trainer/global_step":2507,"_timestamp":1.7528759123945177e+09,"_step":125,"AV Jaccard":0.4619680643081665,"val_loss_step":0.5624994039535522,"_wandb":{"runtime":2098},"Vessel Accuracy":0.05321943014860153,"epoch":43,"AV Accuracy":0.968061089515686,"train_loss_epoch":0.6564769744873047}