{"Vessel Jaccard":0.779765784740448,"epoch":199,"_step":405,"_runtime":7269.865291853,"train_loss_step":0.29224860668182373,"trainer/global_step":5799,"Vessel Dice":0.8762564659118652,"_wandb":{"runtime":7271},"AV Dice":0.7842275500297546,"AV Accuracy":0.9811536073684692,"_timestamp":1.755217296475105e+09,"val_loss_step":0.3507470488548279,"AV Jaccard":0.6439160108566284,"val_loss_epoch":0.21755579113960266,"train_loss_epoch":0.2944234609603882,"Vessel Accuracy":0.9807748794555664}