{"_step":364,"train_loss_epoch":90.8711929321289,"Vessel Dice":0.8126994371414185,"_wandb":{"runtime":5702},"AV Dice":0.6631565093994141,"Vessel Jaccard":0.6844934225082397,"AV Jaccard":0.4955623149871826,"_runtime":5700.736374269,"val_loss_step":108.74882507324219,"train_loss_step":92.65717315673828,"epoch":179,"trainer/global_step":5219,"Vessel Accuracy":0.9684279561042786,"AV Accuracy":0.959900438785553,"val_loss_epoch":31.00663948059082,"_timestamp":1.7550362511050618e+09}