{"_runtime":22676.587421379,"Vessel Accuracy":0.9816025495529175,"train_loss_epoch":0.2597079277038574,"train_loss_step":0.25267720222473145,"val_loss_step":0.3608432412147522,"_timestamp":1.7551287797401307e+09,"Vessel Dice":0.8821149468421936,"trainer/global_step":18559,"Vessel Jaccard":0.7890926003456116,"epoch":639,"val_loss_epoch":0.2058502435684204,"_wandb":{"runtime":22678},"_step":1298,"AV Accuracy":0.9816300272941589,"AV Dice":0.7838442325592041,"AV Jaccard":0.6431243419647217}