{"Vessel Dice":0.8885329961776733,"trainer/global_step":57000,"train_loss_epoch":0.3078159987926483,"_step":2940,"AV Dice":0.9706724286079407,"train_loss_step":0.3228077292442322,"AV Jaccard":0.7829031348228455,"_timestamp":1.752833254547241e+09,"_runtime":44336.342000108,"epoch":1000,"val_loss_step":0.3670300245285034,"Vessel Accuracy":0.9816393256187439,"AV Accuracy":0.9706724286079407,"_wandb":{"runtime":44338},"Vessel Jaccard":0.7921891212463379,"val_loss_epoch":0.36663004755973816}