{"_step":364,"Vessel Jaccard":0.45372942090034485,"_wandb":{"runtime":4735},"AV Jaccard":0.4051942825317383,"epoch":179,"AV Dice":0.5761969685554504,"_timestamp":1.7552973395483983e+09,"Vessel Dice":0.6242678165435791,"val_loss_step":0.7180224657058716,"trainer/global_step":5219,"train_loss_epoch":0.41718652844429016,"train_loss_step":0.38886937499046326,"_runtime":4733.958171555,"Vessel Accuracy":0.9561282396316528,"AV Accuracy":0.9708312749862671,"val_loss_epoch":0.6311699151992798}