{"_runtime":250.752330483,"_step":0,"train_loss_epoch":0.9995831251144409,"epoch":0,"trainer/global_step":28,"_wandb":{"runtime":273},"_timestamp":1.755105728136019e+09}