{"Vessel Dice":0.7936317324638367,"trainer/global_step":1899,"_wandb":{"runtime":3247},"epoch":65,"train_loss_epoch":0.40397435426712036,"train_loss_step":0.41263139247894287,"Vessel Jaccard":0.1601705700159073,"_step":129,"val_loss_epoch":0.44054967164993286,"Vessel Accuracy":0.6244185566902161,"_runtime":3243.296076047,"AV Accuracy":0.9491687417030334,"val_loss_step":0.5064283013343811,"AV Dice":0.9491687417030334,"AV Jaccard":0.6490283012390137,"_timestamp":1.7527887787595136e+09}